{"iter": 0, "train/loss": 3.605034589767456, "val/loss": 2.5586485862731934, "lr": 0.0, "mfu": -100.0, "_timestamp": 1686489136.6707928, "_runtime": 7600.5013637542725, "_step": 0, "_wandb": {"runtime": 8159}}