{"iter": 0, "train/loss": 3.781498432159424, "val/loss": 2.960888147354126, "lr": 0.0, "mfu": -100.0, "_timestamp": 1686493858.7739258, "_runtime": 305.8880228996277, "_step": 0, "_wandb": {"runtime": 306}}