{"iter": 5000, "train/loss": 0.05486924946308136, "val/loss": 2.848963975906372, "lr": 0.0001, "mfu": 7.4317226531466325, "_timestamp": 1686492162.689359, "_runtime": 2187.745143890381, "_step": 20, "_wandb": {"runtime": 2194}}